,model_name,accuracy,precision,recall,f1,tp,tn,fp,fn
0,InternVL 2.5 8B,0.3472222222222222,1,0.020833333333333332,0.04081632653061225,1,24,0,47
1,InternVL 3.5 8B,0.4861111111111111,0.6896551724137931,0.4166666666666667,0.5194805194805195,20,15,9,28
2,MiniCPM-V 4.5,0.4166666666666667,1,0.125,0.2222222222222222,6,24,0,42
